region,region_name,Projected Demand (%),Hospitalizations (Median),Lower Hospitalization Bound,Upper Hospitalization Bound,Lower Projected Demand Bound,Upper Projected Demand Bound,Total Hospitalizations (Range),Total Projected Demand (Range),Max Occupied Beds,Lower Max Occupied Beds,Upper Max Occupied Beds,Last Update
1,AL- BIRMINGHAM,81.33,84,75,101,80.5,82.98,84 [75 - 101],81.33% [80.5% - 82.98%],112,42,252,02-16-2021
2,AL- DOTHAN,80.68,7,6,8,80.0,81.73,7 [6 - 8],80.68% [80.0% - 81.73%],9,0,23,02-16-2021
5,AL- HUNTSVILLE,81.65,21,20,24,80.96,83.09,21 [20 - 24],81.65% [80.96% - 83.09%],31,18,58,02-16-2021
6,AL- MOBILE,81.58,28,25,34,80.67,83.47,28 [25 - 34],81.58% [80.67% - 83.47%],45,19,99,02-16-2021
7,AL- MONTGOMERY,81.68,14,12,19,80.78,83.95,14 [12 - 19],81.68% [80.78% - 83.95%],26,12,61,02-16-2021
9,AL- TUSCALOOSA,81.7,14,13,17,80.8,84.61,14 [13 - 17],81.7% [80.8% - 84.61%],17,8,46,02-16-2021
11,AZ- MESA,81.87,20,18,23,80.81,83.03,20 [18 - 23],81.87% [80.81% - 83.03%],37,16,60,02-16-2021
12,AZ- PHOENIX,81.07,45,40,51,80.42,81.78,45 [40 - 51],81.07% [80.42% - 81.78%],81,32,135,02-16-2021
14,AZ- SUN CITY,80.86,5,4,6,80.37,81.36,5 [4 - 6],80.86% [80.37% - 81.36%],7,3,11,02-16-2021
15,AZ- TUCSON,80.55,7,6,9,80.24,81.15,7 [6 - 9],80.55% [80.24% - 81.15%],14,6,29,02-16-2021
16,AR- FORT SMITH,81.41,12,10,15,80.0,82.5,12 [10 - 15],81.41% [80.0% - 82.5%],18,0,32,02-16-2021
18,AR- JONESBORO,80.0,0,0,1,80.0,80.77,0 [0 - 1],80.0% [80.0% - 80.77%],0,0,7,02-16-2021
19,AR- LITTLE ROCK,81.11,34,30,43,80.36,82.2,34 [30 - 43],81.11% [80.36% - 82.2%],64,21,127,02-16-2021
21,AR- SPRINGDALE,81.42,7,7,9,80.95,83.22,7 [7 - 9],81.42% [80.95% - 83.22%],15,10,34,02-16-2021
22,AR- TEXARKANA,83.88,28,25,34,81.94,88.67,28 [25 - 34],83.88% [81.94% - 88.67%],38,19,85,02-16-2021
23,CA- ORANGE CO.,80.86,39,36,44,80.48,81.5,39 [36 - 44],80.86% [80.48% - 81.5%],66,37,115,02-16-2021
25,CA- BAKERSFIELD,81.85,42,38,47,80.97,83.01,42 [38 - 47],81.85% [80.97% - 83.01%],67,35,109,02-16-2021
31,CA- CHICO,80.16,0,0,1,80.0,80.78,0 [0 - 1],80.16% [80.0% - 80.78%],1,0,5,02-16-2021
33,CA- CONTRA COSTA CO.,80.85,7,6,9,80.45,81.55,7 [6 - 9],80.85% [80.45% - 81.55%],17,9,31,02-16-2021
43,CA- FRESNO,80.39,7,6,8,80.13,80.79,7 [6 - 8],80.39% [80.13% - 80.79%],9,3,18,02-16-2021
56,CA- LOS ANGELES,80.29,36,32,41,80.13,80.51,36 [32 - 41],80.29% [80.13% - 80.51%],73,32,126,02-16-2021
58,CA- MODESTO,81.86,21,19,24,80.93,83.37,21 [19 - 24],81.86% [80.93% - 83.37%],32,16,58,02-16-2021
62,CA- NAPA,81.89,7,6,8,80.0,82.75,7 [6 - 8],81.89% [80.0% - 82.75%],11,0,16,02-16-2021
65,CA- ALAMEDA CO.,80.56,9,8,11,80.24,80.95,9 [8 - 11],80.56% [80.24% - 80.95%],19,8,32,02-16-2021
69,CA- PALM SPR/RANCHO MIR.,80.19,0,0,0,80.09,80.28,0 [0 - 0],80.19% [80.09% - 80.28%],2,1,3,02-16-2021
73,CA- REDDING,82.13,20,18,22,80.65,83.33,20 [18 - 22],82.13% [80.65% - 83.33%],23,7,36,02-16-2021
77,CA- SACRAMENTO,80.9,23,21,28,80.42,81.65,23 [21 - 28],80.9% [80.42% - 81.65%],43,20,79,02-16-2021
78,CA- SALINAS,81.51,7,7,8,80.76,82.77,7 [7 - 8],81.51% [80.76% - 82.77%],12,6,22,02-16-2021
79,CA- SAN BERNARDINO,80.35,8,7,10,80.17,80.57,8 [7 - 10],80.35% [80.17% - 80.57%],20,10,33,02-16-2021
80,CA- SAN DIEGO,80.88,34,31,39,80.44,81.46,34 [31 - 39],80.88% [80.44% - 81.46%],62,31,103,02-16-2021
81,CA- SAN FRANCISCO,80.67,21,19,25,80.35,81.26,21 [19 - 25],80.67% [80.35% - 81.26%],34,18,64,02-16-2021
82,CA- SAN JOSE,80.53,7,7,8,80.26,80.86,7 [7 - 8],80.53% [80.26% - 80.86%],16,8,26,02-16-2021
83,CA- SAN LUIS OBISPO,80.0,0,0,0,80.0,80.66,0 [0 - 0],80.0% [80.0% - 80.66%],0,0,3,02-16-2021
85,CA- SAN MATEO CO.,80.37,7,6,7,80.22,80.63,7 [6 - 7],80.37% [80.22% - 80.63%],10,6,17,02-16-2021
86,CA- SANTA BARBARA,80.93,7,6,7,80.62,81.55,7 [6 - 7],80.93% [80.62% - 81.55%],9,6,15,02-16-2021
87,CA- SANTA CRUZ,80.56,0,0,1,80.0,81.67,0 [0 - 1],80.56% [80.0% - 81.67%],2,0,6,02-16-2021
89,CA- SANTA ROSA,80.11,0,0,1,80.0,80.32,0 [0 - 1],80.11% [80.0% - 80.32%],2,0,6,02-16-2021
91,CA- STOCKTON,80.47,7,6,7,80.09,80.85,7 [6 - 7],80.47% [80.09% - 80.85%],5,1,9,02-16-2021
96,CA- VENTURA,80.95,7,7,9,80.38,81.59,7 [7 - 9],80.95% [80.38% - 81.59%],15,6,25,02-16-2021
101,CO- BOULDER,91.16,42,39,52,85.47,106.95,42 [39 - 52],91.16% [85.47% - 106.95%],53,26,128,02-16-2021
102,CO- COLORADO SPRINGS,91.59,93,85,117,84.93,110.63,93 [85 - 117],91.59% [84.93% - 110.63%],120,51,317,02-16-2021
103,CO- DENVER,84.81,175,162,212,82.47,90.4,175 [162 - 212],84.81% [82.47% - 90.4%],230,118,497,02-16-2021
104,CO- FORT COLLINS,82.35,14,13,16,81.1,84.69,14 [13 - 16],82.35% [81.1% - 84.69%],15,7,30,02-16-2021
105,CO- GRAND JUNCTION,84.42,24,21,28,81.39,89.09,24 [21 - 28],84.42% [81.39% - 89.09%],35,11,72,02-16-2021
106,CO- GREELEY,82.45,14,13,16,81.03,84.12,14 [13 - 16],82.45% [81.03% - 84.12%],19,8,32,02-16-2021
107,CO- PUEBLO,122.23,259,232,310,91.9,182.26,259 [232 - 310],122.23% [91.9% - 182.26%],337,95,816,02-16-2021
109,CT- BRIDGEPORT,81.77,19,17,22,80.88,83.13,19 [17 - 22],81.77% [80.88% - 83.13%],30,15,53,02-16-2021
110,CT- HARTFORD,81.47,29,26,33,80.74,82.67,29 [26 - 33],81.47% [80.74% - 82.67%],48,24,87,02-16-2021
111,CT- NEW HAVEN,81.79,42,38,49,80.88,83.14,42 [38 - 49],81.79% [80.88% - 83.14%],69,34,121,02-16-2021
112,DE- WILMINGTON,83.54,45,41,53,81.93,86.87,45 [41 - 53],83.54% [81.93% - 86.87%],66,36,128,02-16-2021
113,DC- WASHINGTON,82.7,101,94,114,81.31,84.85,101 [94 - 114],82.7% [81.31% - 84.85%],148,72,266,02-16-2021
115,FL- BRADENTON,88.46,49,45,59,84.65,99.18,49 [45 - 59],88.46% [84.65% - 99.18%],60,33,136,02-16-2021
116,FL- CLEARWATER,82.26,28,25,31,81.1,84.15,28 [25 - 31],82.26% [81.1% - 84.15%],37,18,68,02-16-2021
118,FL- FORT LAUDERDALE,85.54,358,329,418,82.71,90.68,358 [329 - 418],85.54% [82.71% - 90.68%],482,236,929,02-16-2021
119,FL- FORT MYERS,82.09,57,51,71,80.99,84.76,57 [51 - 71],82.09% [80.99% - 84.76%],80,38,182,02-16-2021
120,FL- GAINESVILLE,81.14,16,14,22,80.38,83.8,16 [14 - 22],81.14% [80.38% - 83.8%],21,7,70,02-16-2021
122,FL- HUDSON,83.27,28,26,34,81.92,86.63,28 [26 - 34],83.27% [81.92% - 86.63%],41,24,83,02-16-2021
123,FL- JACKSONVILLE,82.79,90,82,108,81.24,85.44,90 [82 - 108],82.79% [81.24% - 85.44%],137,61,267,02-16-2021
124,FL- LAKELAND,87.02,56,51,65,83.56,93.86,56 [51 - 65],87.02% [83.56% - 93.86%],75,38,148,02-16-2021
127,FL- MIAMI,86.27,484,446,559,83.09,91.72,484 [446 - 559],86.27% [83.09% - 91.72%],676,333,1264,02-16-2021
129,FL- OCALA,84.97,49,45,58,82.49,89.87,49 [45 - 58],84.97% [82.49% - 89.87%],68,34,135,02-16-2021
130,FL- ORLANDO,83.64,271,250,322,81.86,87.49,271 [250 - 322],83.64% [81.86% - 87.49%],377,193,776,02-16-2021
131,FL- ORMOND BEACH,81.69,21,19,25,80.85,83.75,21 [19 - 25],81.69% [80.85% - 83.75%],28,14,62,02-16-2021
133,FL- PANAMA CITY,80.6,0,0,2,80.0,82.26,0 [0 - 2],80.6% [80.0% - 82.26%],4,0,15,02-16-2021
134,FL- PENSACOLA,81.23,14,12,18,80.89,82.72,14 [12 - 18],81.23% [80.89% - 82.72%],29,21,64,02-16-2021
137,FL- SARASOTA,82.01,18,16,22,81.04,83.74,18 [16 - 22],82.01% [81.04% - 83.74%],29,15,54,02-16-2021
139,FL- ST PETERSBURG,81.88,21,19,24,80.88,83.44,21 [19 - 24],81.88% [80.88% - 83.44%],30,14,55,02-16-2021
140,FL- TALLAHASSEE,80.78,15,13,21,80.3,82.78,15 [13 - 21],80.78% [80.3% - 82.78%],21,8,75,02-16-2021
141,FL- TAMPA,83.33,105,96,122,81.74,86.62,105 [96 - 122],83.33% [81.74% - 86.62%],142,74,282,02-16-2021
142,GA- ALBANY,80.0,0,0,2,80.0,81.41,0 [0 - 2],80.0% [80.0% - 81.41%],0,0,15,02-16-2021
144,GA- ATLANTA,84.05,316,288,363,81.84,87.42,316 [288 - 363],84.05% [81.84% - 87.42%],485,220,889,02-16-2021
145,GA- AUGUSTA,82.65,43,39,51,81.3,85.3,43 [39 - 51],82.65% [81.3% - 85.3%],65,32,130,02-16-2021
146,GA- COLUMBUS,81.83,19,16,20,80.87,83.02,19 [16 - 20],81.83% [80.87% - 83.02%],23,11,38,02-16-2021
147,GA- MACON,80.45,7,6,11,80.18,82.06,7 [6 - 11],80.45% [80.18% - 82.06%],10,4,46,02-16-2021
148,GA- ROME,83.42,21,19,25,82.19,88.74,21 [19 - 25],83.42% [82.19% - 88.74%],25,16,64,02-16-2021
149,GA- SAVANNAH,85.69,82,75,95,82.92,90.2,82 [75 - 95],85.69% [82.92% - 90.2%],117,60,210,02-16-2021
151,ID- BOISE,80.58,7,6,11,80.19,82.17,7 [6 - 11],80.58% [80.19% - 82.17%],12,4,45,02-16-2021
152,ID- IDAHO FALLS,82.82,7,6,11,80.87,89.54,7 [6 - 11],82.82% [80.87% - 89.54%],13,4,44,02-16-2021
154,IL- AURORA,81.52,0,0,2,80.57,82.85,0 [0 - 2],81.52% [80.57% - 82.85%],8,3,15,02-16-2021
155,IL- BLUE ISLAND,80.51,7,6,8,80.28,80.91,7 [6 - 8],80.51% [80.28% - 80.91%],13,7,23,02-16-2021
156,IL- CHICAGO,80.5,28,26,32,80.25,80.89,28 [26 - 32],80.5% [80.25% - 80.89%],43,21,76,02-16-2021
158,IL- ELGIN,81.93,14,13,16,81.01,83.22,14 [13 - 16],81.93% [81.01% - 83.22%],21,11,35,02-16-2021
161,IL- EVANSTON,80.83,14,13,16,80.41,81.49,14 [13 - 16],80.83% [80.41% - 81.49%],20,10,36,02-16-2021
163,IL- HINSDALE,81.45,14,13,15,80.82,82.82,14 [13 - 15],81.45% [80.82% - 82.82%],16,9,31,02-16-2021
164,IL- JOLIET,82.49,28,26,32,81.43,85.35,28 [26 - 32],82.49% [81.43% - 85.35%],33,19,71,02-16-2021
166,IL- MELROSE PARK,81.03,21,19,24,80.55,81.94,21 [19 - 24],81.03% [80.55% - 81.94%],32,17,60,02-16-2021
170,IL- PEORIA,81.51,17,15,21,80.32,82.96,17 [15 - 21],81.51% [80.32% - 82.96%],28,6,55,02-16-2021
171,IL- ROCKFORD,83.0,35,32,41,81.5,86.01,35 [32 - 41],83.0% [81.5% - 86.01%],46,23,92,02-16-2021
172,IL- SPRINGFIELD,81.49,28,26,36,80.71,83.77,28 [26 - 36],81.49% [80.71% - 83.77%],38,18,96,02-16-2021
173,IL- URBANA,90.68,86,78,100,84.52,101.85,86 [78 - 100],90.68% [84.52% - 101.85%],111,47,227,02-16-2021
175,IL- BLOOMINGTON,80.0,0,0,0,80.0,80.0,0 [0 - 0],80.0% [80.0% - 80.0%],0,0,0,02-16-2021
179,IN- EVANSVILLE,80.83,7,6,9,80.0,81.17,7 [6 - 9],80.83% [80.0% - 81.17%],17,0,24,02-16-2021
180,IN- FORT WAYNE,82.8,42,38,50,81.31,85.47,42 [38 - 50],82.8% [81.31% - 85.47%],62,29,121,02-16-2021
181,IN- GARY,80.2,0,0,1,80.13,80.46,0 [0 - 1],80.2% [80.13% - 80.46%],3,2,7,02-16-2021
183,IN- INDIANAPOLIS,80.64,28,24,35,80.09,81.68,28 [24 - 35],80.64% [80.09% - 81.68%],41,6,108,02-16-2021
184,IN- LAFAYETTE,80.54,0,0,1,80.0,81.08,0 [0 - 1],80.54% [80.0% - 81.08%],4,0,8,02-16-2021
185,IN- MUNCIE,80.0,0,0,0,80.0,80.0,0 [0 - 0],80.0% [80.0% - 80.0%],0,0,0,02-16-2021
186,IN- MUNSTER,80.35,0,0,1,80.17,80.69,0 [0 - 1],80.35% [80.17% - 80.69%],4,2,8,02-16-2021
187,IN- SOUTH BEND,82.09,21,19,27,80.98,85.1,21 [19 - 27],82.09% [80.98% - 85.1%],32,15,78,02-16-2021
188,IN- TERRE HAUTE,80.0,0,0,1,80.0,81.3,0 [0 - 1],80.0% [80.0% - 81.3%],0,0,7,02-16-2021
190,IA- CEDAR RAPIDS,80.99,7,6,8,80.36,81.88,7 [6 - 8],80.99% [80.36% - 81.88%],11,4,21,02-16-2021
191,IA- DAVENPORT,81.3,21,19,25,80.63,82.61,21 [19 - 25],81.3% [80.63% - 82.61%],29,14,58,02-16-2021
192,IA- DES MOINES,82.28,56,52,65,81.06,84.74,56 [52 - 65],82.28% [81.06% - 84.74%],75,35,156,02-16-2021
193,IA- DUBUQUE,80.92,7,7,8,80.92,83.49,7 [7 - 8],80.92% [80.92% - 83.49%],5,5,19,02-16-2021
194,IA- IOWA CITY,81.8,21,19,23,80.36,82.52,21 [19 - 23],81.8% [80.36% - 82.52%],35,7,49,02-16-2021
195,IA- MASON CITY,80.0,0,0,1,80.0,81.36,0 [0 - 1],80.0% [80.0% - 81.36%],0,0,10,02-16-2021
196,IA- SIOUX CITY,81.15,7,7,10,80.53,82.65,7 [7 - 10],81.15% [80.53% - 82.65%],13,6,30,02-16-2021
197,IA- WATERLOO,82.03,10,8,12,80.0,82.5,10 [8 - 12],82.03% [80.0% - 82.5%],13,0,16,02-16-2021
200,KS- TOPEKA,81.55,21,19,26,80.39,84.4,21 [19 - 26],81.55% [80.39% - 84.4%],24,6,68,02-16-2021
201,KS- WICHITA,81.25,45,41,63,80.51,83.98,45 [41 - 63],81.25% [80.51% - 83.98%],62,25,197,02-16-2021
203,KY- COVINGTON,89.81,84,76,95,84.9,98.8,84 [76 - 95],89.81% [84.9% - 98.8%],108,54,207,02-16-2021
204,KY- LEXINGTON,84.05,160,142,184,81.73,88.18,160 [142 - 184],84.05% [81.73% - 88.18%],211,90,426,02-16-2021
205,KY- LOUISVILLE,84.63,147,130,173,81.85,88.99,147 [130 - 173],84.63% [81.85% - 88.99%],223,89,433,02-16-2021
207,KY- OWENSBORO,82.33,7,6,7,80.0,82.33,7 [6 - 7],82.33% [80.0% - 82.33%],11,0,11,02-16-2021
208,KY- PADUCAH,83.51,30,24,40,80.37,86.78,30 [24 - 40],83.51% [80.37% - 86.78%],57,6,110,02-16-2021
209,LA- ALEXANDRIA,80.5,7,6,8,80.1,82.22,7 [6 - 8],80.5% [80.1% - 82.22%],5,1,22,02-16-2021
210,LA- BATON ROUGE,81.77,32,28,39,80.69,83.39,32 [28 - 39],81.77% [80.69% - 83.39%],44,17,84,02-16-2021
212,LA- HOUMA,81.85,7,6,9,81.14,84.14,7 [6 - 9],81.85% [81.14% - 84.14%],13,8,29,02-16-2021
213,LA- LAFAYETTE,80.42,7,6,10,80.14,81.71,7 [6 - 10],80.42% [80.14% - 81.71%],9,3,37,02-16-2021
214,LA- LAKE CHARLES,81.73,14,13,15,80.69,83.7,14 [13 - 15],81.73% [80.69% - 83.7%],15,6,32,02-16-2021
216,LA- METAIRIE,81.48,14,13,15,80.69,83.26,14 [13 - 15],81.48% [80.69% - 83.26%],15,7,33,02-16-2021
217,LA- MONROE,80.65,6,5,8,80.0,82.38,6 [5 - 8],80.65% [80.0% - 82.38%],6,0,22,02-16-2021
218,LA- NEW ORLEANS,81.07,14,14,19,80.66,82.56,14 [14 - 19],81.07% [80.66% - 82.56%],26,16,62,02-16-2021
219,LA- SHREVEPORT,80.51,2,1,6,80.0,81.43,2 [1 - 6],80.51% [80.0% - 81.43%],14,0,39,02-16-2021
220,LA- SLIDELL,81.79,7,6,9,81.39,84.56,7 [6 - 9],81.79% [81.39% - 84.56%],9,7,23,02-16-2021
221,ME- BANGOR,80.28,0,0,1,80.0,81.01,0 [0 - 1],80.28% [80.0% - 81.01%],3,0,11,02-16-2021
222,ME- PORTLAND,81.79,35,32,44,80.72,84.08,35 [32 - 44],81.79% [80.72% - 84.08%],47,19,107,02-16-2021
223,MD- BALTIMORE,81.88,91,83,103,80.9,83.47,91 [83 - 103],81.88% [80.9% - 83.47%],127,61,234,02-16-2021
225,MD- SALISBURY,82.35,14,13,17,81.28,84.48,14 [13 - 17],82.35% [81.28% - 84.48%],22,12,42,02-16-2021
226,MD- TAKOMA PARK,83.11,28,26,31,81.48,85.28,28 [26 - 31],83.11% [81.48% - 85.28%],40,19,68,02-16-2021
227,MA- BOSTON,81.34,91,83,104,80.66,82.38,91 [83 - 104],81.34% [80.66% - 82.38%],147,72,261,02-16-2021
230,MA- SPRINGFIELD,83.0,35,31,40,81.25,85.62,35 [31 - 40],83.0% [81.25% - 85.62%],48,20,90,02-16-2021
231,MA- WORCESTER,81.64,17,15,19,80.79,82.86,17 [15 - 19],81.64% [80.79% - 82.86%],27,13,47,02-16-2021
232,MI- ANN ARBOR,81.13,21,19,25,80.55,82.05,21 [19 - 25],81.13% [80.55% - 82.05%],37,18,67,02-16-2021
233,MI- DEARBORN,80.43,7,6,7,80.24,80.79,7 [6 - 7],80.43% [80.24% - 80.79%],7,4,13,02-16-2021
234,MI- DETROIT,80.54,21,19,23,80.24,81.01,21 [19 - 23],80.54% [80.24% - 81.01%],25,11,47,02-16-2021
235,MI- FLINT,81.06,14,12,16,80.53,82.64,14 [12 - 16],81.06% [80.53% - 82.64%],14,7,35,02-16-2021
236,MI- GRAND RAPIDS,82.47,42,38,49,81.17,84.85,42 [38 - 49],82.47% [81.17% - 84.85%],57,27,112,02-16-2021
238,MI- KALAMAZOO,80.47,7,7,10,80.47,82.17,7 [7 - 10],80.47% [80.47% - 82.17%],7,7,32,02-16-2021
239,MI- LANSING,82.08,21,19,26,80.78,84.69,21 [19 - 26],82.08% [80.78% - 84.69%],32,12,72,02-16-2021
240,MI- MARQUETTE,80.0,0,0,1,80.0,82.87,0 [0 - 1],80.0% [80.0% - 82.87%],0,0,14,02-16-2021
242,MI- MUSKEGON,80.19,0,0,1,80.19,81.68,0 [0 - 1],80.19% [80.19% - 81.68%],1,1,9,02-16-2021
243,MI- PETOSKEY,82.02,7,6,10,80.0,88.09,7 [6 - 10],82.02% [80.0% - 88.09%],7,0,28,02-16-2021
244,MI- PONTIAC,80.76,7,6,8,80.42,81.35,7 [6 - 8],80.76% [80.42% - 81.35%],9,5,16,02-16-2021
245,MI- ROYAL OAK,80.57,8,7,10,80.3,81.02,8 [7 - 10],80.57% [80.3% - 81.02%],15,8,27,02-16-2021
246,MI- SAGINAW,80.14,0,0,1,80.0,80.81,0 [0 - 1],80.14% [80.0% - 80.81%],3,0,17,02-16-2021
248,MI- ST JOSEPH,80.0,0,0,0,80.0,80.99,0 [0 - 0],80.0% [80.0% - 80.99%],0,0,3,02-16-2021
249,MI- TRAVERSE CITY,80.2,0,0,1,80.0,82.16,0 [0 - 1],80.2% [80.0% - 82.16%],1,0,11,02-16-2021
250,MN- DULUTH,81.46,14,12,18,80.0,84.13,14 [12 - 18],81.46% [80.0% - 84.13%],17,0,48,02-16-2021
251,MN- MINNEAPOLIS,81.94,118,107,137,80.85,83.76,118 [107 - 137],81.94% [80.85% - 83.76%],165,72,320,02-16-2021
253,MN- ROCHESTER,80.19,7,6,10,80.0,80.88,7 [6 - 10],80.19% [80.0% - 80.88%],5,0,23,02-16-2021
254,MN- ST CLOUD,80.14,0,0,2,80.0,82.12,0 [0 - 2],80.14% [80.0% - 82.12%],1,0,15,02-16-2021
256,MN- ST PAUL,81.58,23,21,26,80.61,82.41,23 [21 - 26],81.58% [80.61% - 82.41%],36,14,55,02-16-2021
257,MS- GULFPORT,80.78,7,6,7,80.13,81.03,7 [6 - 7],80.78% [80.13% - 81.03%],6,1,8,02-16-2021
258,MS- HATTIESBURG,80.91,7,7,10,80.5,82.81,7 [7 - 10],80.91% [80.5% - 82.81%],11,6,34,02-16-2021
259,MS- JACKSON,80.47,14,13,18,80.11,81.23,14 [13 - 18],80.47% [80.11% - 81.23%],21,5,55,02-16-2021
260,MS- MERIDIAN,80.0,0,0,1,80.0,81.23,0 [0 - 1],80.0% [80.0% - 81.23%],0,0,12,02-16-2021
261,MS- OXFORD,81.57,7,7,9,80.78,84.55,7 [7 - 9],81.57% [80.78% - 84.55%],10,5,29,02-16-2021
262,MS- TUPELO,80.31,0,0,2,80.0,80.92,0 [0 - 2],80.31% [80.0% - 80.92%],5,0,15,02-16-2021
263,MO- CAPE GIRARDEAU,80.0,0,0,1,80.0,80.78,0 [0 - 1],80.0% [80.0% - 80.78%],0,0,8,02-16-2021
264,MO- COLUMBIA,80.11,2,1,4,80.0,80.87,2 [1 - 4],80.11% [80.0% - 80.87%],2,0,16,02-16-2021
267,MO- JOPLIN,81.47,12,10,13,80.0,82.31,12 [10 - 13],81.47% [80.0% - 82.31%],14,0,22,02-16-2021
268,MO- KANSAS CITY,80.54,26,23,34,80.14,81.27,26 [23 - 34],80.54% [80.14% - 81.27%],43,11,101,02-16-2021
270,MO- SPRINGFIELD,80.41,7,6,9,80.0,81.43,7 [6 - 9],80.41% [80.0% - 81.43%],8,0,28,02-16-2021
273,MO- ST LOUIS,80.82,70,63,85,80.43,81.84,70 [63 - 85],80.82% [80.43% - 81.84%],100,52,225,02-16-2021
274,MT- BILLINGS,82.72,47,42,62,81.13,88.33,47 [42 - 62],82.72% [81.13% - 88.33%],60,25,184,02-16-2021
275,MT- GREAT FALLS,84.72,28,26,33,81.86,89.44,28 [26 - 33],84.72% [81.86% - 89.44%],38,15,76,02-16-2021
276,MT- MISSOULA,82.33,21,18,24,80.6,83.19,21 [18 - 24],82.33% [80.6% - 83.19%],27,7,37,02-16-2021
277,NE- LINCOLN,81.52,23,19,25,80.54,82.78,23 [19 - 25],81.52% [80.54% - 82.78%],28,10,51,02-16-2021
278,NE- OMAHA,81.98,74,67,82,80.84,83.4,74 [67 - 82],81.98% [80.84% - 83.4%],108,46,186,02-16-2021
279,NV- LAS VEGAS,82.43,59,55,69,81.25,84.48,59 [55 - 69],82.43% [81.25% - 84.48%],99,51,183,02-16-2021
280,NV- RENO,80.47,7,6,8,80.0,80.83,7 [6 - 8],80.47% [80.0% - 80.83%],9,0,16,02-16-2021
281,NH- LEBANON,82.27,18,16,24,81.03,87.11,18 [16 - 24],82.27% [81.03% - 87.11%],22,10,69,02-16-2021
282,NH- MANCHESTER,81.11,14,13,17,80.56,82.33,14 [13 - 17],81.11% [80.56% - 82.33%],22,11,46,02-16-2021
283,NJ- CAMDEN,82.12,106,98,116,81.15,83.28,106 [98 - 116],82.12% [81.15% - 83.28%],169,92,262,02-16-2021
284,NJ- HACKENSACK,82.52,59,55,65,81.37,83.89,59 [55 - 65],82.52% [81.37% - 83.89%],94,51,145,02-16-2021
285,NJ- MORRISTOWN,84.41,57,52,64,82.44,87.47,57 [52 - 64],84.41% [82.44% - 87.47%],85,47,144,02-16-2021
288,NJ- NEW BRUNSWICK,83.22,59,55,65,81.7,85.13,59 [55 - 65],83.22% [81.7% - 85.13%],89,47,142,02-16-2021
289,NJ- NEWARK,82.55,78,71,85,81.42,83.87,78 [71 - 85],82.55% [81.42% - 83.87%],124,69,188,02-16-2021
291,NJ- PATERSON,82.04,14,13,16,81.1,82.97,14 [13 - 16],82.04% [81.1% - 82.97%],24,13,35,02-16-2021
292,NJ- RIDGEWOOD,82.65,14,13,15,81.39,84.04,14 [13 - 15],82.65% [81.39% - 84.04%],21,11,32,02-16-2021
293,NM- ALBUQUERQUE,83.42,91,82,117,81.28,89.14,91 [82 - 117],83.42% [81.28% - 89.14%],115,43,307,02-16-2021
295,NY- ALBANY,81.1,25,22,31,80.26,81.89,25 [22 - 31],81.1% [80.26% - 81.89%],54,13,93,02-16-2021
296,NY- BINGHAMTON,80.43,0,0,2,80.43,82.37,0 [0 - 2],80.43% [80.43% - 82.37%],4,4,22,02-16-2021
297,NY- BRONX,80.0,0,0,0,80.0,80.0,0 [0 - 0],80.0% [80.0% - 80.0%],0,0,0,02-16-2021
299,NY- BUFFALO,81.28,28,26,31,80.5,81.92,28 [26 - 31],81.28% [80.5% - 81.92%],46,18,69,02-16-2021
300,NY- ELMIRA,80.0,0,0,0,80.0,80.0,0 [0 - 0],80.0% [80.0% - 80.0%],0,0,0,02-16-2021
301,NY- EAST LONG ISLAND,80.12,7,6,7,80.04,80.19,7 [6 - 7],80.12% [80.04% - 80.19%],13,4,21,02-16-2021
304,NY- ROCHESTER,81.11,23,21,27,80.68,82.23,23 [21 - 27],81.11% [80.68% - 82.23%],33,20,66,02-16-2021
307,NY- SYRACUSE,80.6,7,6,10,80.32,81.35,7 [6 - 10],80.6% [80.32% - 81.35%],17,9,38,02-16-2021
308,NY- WHITE PLAINS,80.03,0,0,0,80.03,80.07,0 [0 - 0],80.03% [80.03% - 80.07%],1,1,2,02-16-2021
309,NC- ASHEVILLE,81.28,21,19,26,80.69,83.51,21 [19 - 26],81.28% [80.69% - 83.51%],24,13,66,02-16-2021
311,NC- CHARLOTTE,82.97,111,102,129,81.52,85.54,111 [102 - 129],82.97% [81.52% - 85.54%],172,88,321,02-16-2021
312,NC- DURHAM,81.71,60,54,69,80.78,83.36,60 [54 - 69],81.71% [80.78% - 83.36%],79,36,155,02-16-2021
313,NC- GREENSBORO,82.01,25,22,30,80.95,83.96,25 [22 - 30],82.01% [80.95% - 83.96%],36,17,71,02-16-2021
314,NC- GREENVILLE,83.11,61,56,71,81.51,86.02,61 [56 - 71],83.11% [81.51% - 86.02%],78,38,151,02-16-2021
315,NC- HICKORY,81.6,7,6,8,80.8,83.07,7 [6 - 8],81.6% [80.8% - 83.07%],12,6,23,02-16-2021
318,NC- RALEIGH,82.24,63,57,74,81.04,84.27,63 [57 - 74],82.24% [81.04% - 84.27%],95,44,181,02-16-2021
319,NC- WILMINGTON,84.93,42,38,51,82.55,90.27,42 [38 - 51],84.93% [82.55% - 90.27%],60,31,125,02-16-2021
320,NC- WINSTON-SALEM,82.93,77,71,90,81.41,85.7,77 [71 - 90],82.93% [81.41% - 85.7%],108,52,210,02-16-2021
321,ND- BISMARCK,83.46,21,18,37,80.24,96.35,21 [18 - 37],83.46% [80.24% - 96.35%],29,2,137,02-16-2021
322,ND- FARGO MOORHEAD -MN,81.63,19,16,47,80.39,90.79,19 [16 - 47],81.63% [80.39% - 90.79%],33,8,219,02-16-2021
323,ND- GRAND FORKS,84.43,12,11,15,82.04,85.79,12 [11 - 15],84.43% [82.04% - 85.79%],26,12,34,02-16-2021
324,ND- MINOT,80.0,0,0,2,80.0,82.0,0 [0 - 2],80.0% [80.0% - 82.0%],0,0,14,02-16-2021
325,OH- AKRON,81.44,21,19,24,80.58,82.39,21 [19 - 24],81.44% [80.58% - 82.39%],35,14,58,02-16-2021
326,OH- CANTON,80.71,7,7,10,80.33,81.75,7 [7 - 10],80.71% [80.33% - 81.75%],15,7,37,02-16-2021
327,OH- CINCINNATI,81.17,38,34,43,80.54,82.34,38 [34 - 43],81.17% [80.54% - 82.34%],56,26,112,02-16-2021
328,OH- CLEVELAND,81.48,99,91,112,80.77,82.58,99 [91 - 112],81.48% [80.77% - 82.58%],131,68,228,02-16-2021
329,OH- COLUMBUS,81.37,88,79,101,80.55,82.76,88 [79 - 101],81.37% [80.55% - 82.76%],123,49,247,02-16-2021
330,OH- DAYTON,80.7,14,13,18,80.15,81.59,14 [13 - 18],80.7% [80.15% - 81.59%],23,5,52,02-16-2021
331,OH- ELYRIA,81.38,7,7,8,80.69,82.07,7 [7 - 8],81.38% [80.69% - 82.07%],10,5,15,02-16-2021
332,OH- KETTERING,81.3,8,7,9,80.61,81.99,8 [7 - 9],81.3% [80.61% - 81.99%],15,7,23,02-16-2021
334,OH- TOLEDO,80.29,7,7,10,80.14,80.86,7 [7 - 10],80.29% [80.14% - 80.86%],12,6,36,02-16-2021
335,OH- YOUNGSTOWN,81.5,28,25,33,80.73,82.85,28 [25 - 33],81.5% [80.73% - 82.85%],39,19,74,02-16-2021
336,OK- LAWTON,82.24,14,13,16,81.12,84.63,14 [13 - 16],82.24% [81.12% - 84.63%],16,8,33,02-16-2021
339,OK- OKLAHOMA CITY,83.22,161,146,186,81.35,86.46,161 [146 - 186],83.22% [81.35% - 86.46%],212,89,425,02-16-2021
340,OK- TULSA,83.88,141,129,164,81.87,87.79,141 [129 - 164],83.88% [81.87% - 87.79%],195,94,391,02-16-2021
341,OR- BEND,82.47,7,7,10,81.23,89.38,7 [7 - 10],82.47% [81.23% - 89.38%],10,5,38,02-16-2021
342,OR- EUGENE,85.45,50,45,60,82.38,92.51,50 [45 - 60],85.45% [82.38% - 92.51%],64,28,147,02-16-2021
343,OR- MEDFORD,85.08,35,31,42,81.04,90.05,35 [31 - 42],85.08% [81.04% - 90.05%],49,10,97,02-16-2021
344,OR- PORTLAND,80.57,21,18,28,80.11,81.49,21 [18 - 28],80.57% [80.11% - 81.49%],30,6,78,02-16-2021
345,OR- SALEM,81.83,7,6,7,80.0,81.83,7 [6 - 7],81.83% [80.0% - 81.83%],8,0,8,02-16-2021
346,PA- ALLENTOWN,81.74,33,28,44,80.41,84.53,33 [28 - 44],81.74% [80.41% - 84.53%],55,13,143,02-16-2021
347,PA- ALTOONA,80.72,0,0,2,80.0,83.02,0 [0 - 2],80.72% [80.0% - 83.02%],5,0,21,02-16-2021
350,PA- DANVILLE,81.38,7,6,12,80.0,84.48,7 [6 - 12],81.38% [80.0% - 84.48%],21,0,68,02-16-2021
351,PA- ERIE,81.62,28,26,34,80.76,83.68,28 [26 - 34],81.62% [80.76% - 83.68%],36,17,82,02-16-2021
352,PA- HARRISBURG,81.05,14,12,17,80.0,82.18,14 [12 - 17],81.05% [80.0% - 82.18%],24,0,50,02-16-2021
354,PA- JOHNSTOWN,80.81,7,6,9,80.0,83.24,7 [6 - 9],80.81% [80.0% - 83.24%],6,0,24,02-16-2021
355,PA- LANCASTER,83.78,25,21,34,80.42,89.82,25 [21 - 34],83.78% [80.42% - 89.82%],45,5,117,02-16-2021
356,PA- PHILADELPHIA,81.74,143,130,168,80.75,83.57,143 [130 - 168],81.74% [80.75% - 83.57%],217,94,444,02-16-2021
357,PA- PITTSBURGH,80.88,68,61,87,80.37,82.26,68 [61 - 87],80.88% [80.37% - 82.26%],103,43,264,02-16-2021
358,PA- READING,80.63,7,6,8,80.14,81.69,7 [6 - 8],80.63% [80.14% - 81.69%],9,2,24,02-16-2021
359,PA- SAYRE,80.0,0,0,0,80.0,80.64,0 [0 - 0],80.0% [80.0% - 80.64%],0,0,3,02-16-2021
360,PA- SCRANTON,81.81,14,13,17,80.91,85.33,14 [13 - 17],81.81% [80.91% - 85.33%],16,8,47,02-16-2021
362,PA- WILKES-BARRE,80.76,7,6,7,80.0,81.68,7 [6 - 7],80.76% [80.0% - 81.68%],5,0,11,02-16-2021
363,PA- YORK,81.56,7,6,9,80.0,83.61,7 [6 - 9],81.56% [80.0% - 83.61%],13,0,30,02-16-2021
364,RI- PROVIDENCE,80.93,20,18,23,80.45,81.66,20 [18 - 23],80.93% [80.45% - 81.66%],29,14,52,02-16-2021
365,SC- CHARLESTON,85.78,117,107,132,82.86,90.14,117 [107 - 132],85.78% [82.86% - 90.14%],172,85,302,02-16-2021
366,SC- COLUMBIA,84.3,114,104,127,82.08,87.5,114 [104 - 127],84.3% [82.08% - 87.5%],161,78,281,02-16-2021
367,SC- FLORENCE,83.73,35,32,40,82.09,87.16,35 [32 - 40],83.73% [82.09% - 87.16%],50,28,96,02-16-2021
368,SC- GREENVILLE,82.47,40,36,44,81.17,84.26,40 [36 - 44],82.47% [81.17% - 84.26%],59,28,102,02-16-2021
369,SC- SPARTANBURG,82.64,19,17,22,81.23,84.9,19 [17 - 22],82.64% [81.23% - 84.9%],28,13,52,02-16-2021
370,SD- RAPID CITY,82.18,14,12,18,80.0,86.98,14 [12 - 18],82.18% [80.0% - 86.98%],15,0,48,02-16-2021
371,SD- SIOUX FALLS,83.21,70,63,99,81.05,91.93,70 [63 - 99],83.21% [81.05% - 91.93%],89,29,331,02-16-2021
373,TN- CHATTANOOGA,83.88,56,51,63,81.7,86.51,56 [51 - 63],83.88% [81.7% - 86.51%],87,38,146,02-16-2021
374,TN- JACKSON,84.44,49,45,56,82.37,89.26,49 [45 - 56],84.44% [82.37% - 89.26%],60,32,125,02-16-2021
375,TN- JOHNSON CITY,87.13,38,35,42,84.36,90.32,38 [35 - 42],87.13% [84.36% - 90.32%],67,41,97,02-16-2021
376,TN- KINGSPORT,80.35,7,7,8,80.25,81.21,7 [7 - 8],80.35% [80.25% - 81.21%],7,5,24,02-16-2021
377,TN- KNOXVILLE,87.95,243,226,268,84.41,93.32,243 [226 - 268],87.95% [84.41% - 93.32%],332,184,556,02-16-2021
379,TN- MEMPHIS,82.31,112,103,128,81.3,84.51,112 [103 - 128],82.31% [81.3% - 84.51%],146,82,285,02-16-2021
380,TN- NASHVILLE,88.38,531,492,593,84.51,95.03,531 [492 - 593],88.38% [84.51% - 95.03%],717,386,1286,02-16-2021
382,TX- ABILENE,84.74,43,39,50,81.88,89.49,43 [39 - 50],84.74% [81.88% - 89.49%],63,25,126,02-16-2021
383,TX- AMARILLO,83.79,43,39,48,82.06,86.86,43 [39 - 48],83.79% [82.06% - 86.86%],57,31,103,02-16-2021
385,TX- AUSTIN,82.57,60,54,67,81.29,84.4,60 [54 - 67],82.57% [81.29% - 84.4%],90,45,154,02-16-2021
386,TX- BEAUMONT,95.69,149,141,156,90.15,101.31,149 [141 - 156],95.69% [90.15% - 101.31%],215,139,292,02-16-2021
388,TX- BRYAN,82.29,7,7,9,80.98,84.08,7 [7 - 9],82.29% [80.98% - 84.08%],14,6,25,02-16-2021
390,TX- CORPUS CHRISTI,81.51,21,19,25,80.63,82.73,21 [19 - 25],81.51% [80.63% - 82.73%],31,13,56,02-16-2021
391,TX- DALLAS,85.86,517,479,584,83.08,90.33,517 [479 - 584],85.86% [83.08% - 90.33%],717,377,1265,02-16-2021
393,TX- EL PASO,87.94,160,147,182,84.19,94.35,160 [147 - 182],87.94% [84.19% - 94.35%],218,115,394,02-16-2021
394,TX- FORT WORTH,86.35,217,200,243,83.16,90.65,217 [200 - 243],86.35% [83.16% - 90.65%],318,158,533,02-16-2021
396,TX- HARLINGEN,85.85,63,58,70,82.68,90.08,63 [58 - 70],85.85% [82.68% - 90.08%],83,38,143,02-16-2021
397,TX- HOUSTON,84.44,547,505,651,82.33,89.01,547 [505 - 651],84.44% [82.33% - 89.01%],757,397,1537,02-16-2021
399,TX- LONGVIEW,82.92,14,13,17,80.87,86.27,14 [13 - 17],82.92% [80.87% - 86.27%],20,6,43,02-16-2021
400,TX- LUBBOCK,83.89,55,51,63,81.67,86.07,55 [51 - 63],83.89% [81.67% - 86.07%],93,40,145,02-16-2021
402,TX- MCALLEN,91.48,136,123,151,84.85,98.92,136 [123 - 151],91.48% [84.85% - 98.92%],182,77,300,02-16-2021
406,TX- ODESSA,90.22,93,84,104,84.57,97.72,93 [84 - 104],90.22% [84.57% - 97.72%],132,59,229,02-16-2021
411,TX- SAN ANGELO,80.0,0,0,0,80.0,80.15,0 [0 - 0],80.0% [80.0% - 80.15%],0,0,1,02-16-2021
412,TX- SAN ANTONIO,84.96,234,210,266,81.87,88.9,234 [210 - 266],84.96% [81.87% - 88.9%],359,135,644,02-16-2021
413,TX- TEMPLE,82.88,21,19,24,81.6,85.64,21 [19 - 24],82.88% [81.6% - 85.64%],27,15,53,02-16-2021
416,TX- TYLER,82.56,28,25,32,80.75,84.24,28 [25 - 32],82.56% [80.75% - 84.24%],41,12,68,02-16-2021
417,TX- VICTORIA,81.69,7,7,8,80.91,82.48,7 [7 - 8],81.69% [80.91% - 82.48%],13,7,19,02-16-2021
418,TX- WACO,87.37,35,32,40,84.19,94.91,35 [32 - 40],87.37% [84.19% - 94.91%],44,25,89,02-16-2021
420,TX- WICHITA FALLS,80.0,0,0,1,80.0,81.45,0 [0 - 1],80.0% [80.0% - 81.45%],0,0,10,02-16-2021
421,UT- OGDEN,81.1,7,6,8,80.55,82.33,7 [6 - 8],81.1% [80.55% - 82.33%],8,4,17,02-16-2021
422,UT- PROVO,82.22,14,13,16,81.11,83.99,14 [13 - 16],82.22% [81.11% - 83.99%],20,10,36,02-16-2021
423,UT- SALT LAKE CITY,82.43,68,62,83,80.94,85.19,68 [62 - 83],82.43% [80.94% - 85.19%],96,37,205,02-16-2021
424,VT- BURLINGTON,85.68,65,59,91,82.46,94.96,65 [59 - 91],85.68% [82.46% - 94.96%],90,39,237,02-16-2021
426,VA- ARLINGTON,85.98,118,108,141,82.83,92.17,118 [108 - 141],85.98% [82.83% - 92.17%],173,82,352,02-16-2021
427,VA- CHARLOTTESVILLE,86.99,64,56,76,82.0,94.61,64 [56 - 76],86.99% [82.0% - 94.61%],98,28,205,02-16-2021
428,VA- LYNCHBURG,83.99,21,19,25,81.86,87.85,21 [19 - 25],83.99% [81.86% - 87.85%],30,14,59,02-16-2021
429,VA- NEWPORT NEWS,83.25,21,19,26,81.32,86.41,21 [19 - 26],83.25% [81.32% - 86.41%],37,15,73,02-16-2021
430,VA- NORFOLK,83.77,68,61,80,81.74,86.8,68 [61 - 80],83.77% [81.74% - 86.8%],102,47,184,02-16-2021
431,VA- RICHMOND,85.02,161,147,198,82.32,91.38,161 [147 - 198],85.02% [82.32% - 91.38%],236,109,535,02-16-2021
432,VA- ROANOKE,82.9,56,51,73,81.07,87.7,56 [51 - 73],82.9% [81.07% - 87.7%],81,30,215,02-16-2021
435,VA- WINCHESTER,80.11,0,0,2,80.0,81.61,0 [0 - 2],80.11% [80.0% - 81.61%],1,0,15,02-16-2021
437,WA- EVERETT,80.61,7,6,8,80.37,82.31,7 [6 - 8],80.61% [80.37% - 82.31%],5,3,19,02-16-2021
438,WA- OLYMPIA,81.04,7,6,8,80.59,82.37,7 [6 - 8],81.04% [80.59% - 82.37%],7,4,16,02-16-2021
439,WA- SEATTLE,81.65,66,61,81,80.81,83.58,66 [61 - 81],81.65% [80.81% - 83.58%],90,44,195,02-16-2021
440,WA- SPOKANE,80.98,28,25,35,80.35,82.47,28 [25 - 35],80.98% [80.35% - 82.47%],37,13,93,02-16-2021
441,WA- TACOMA,84.73,44,40,62,82.2,96.3,44 [40 - 62],84.73% [82.2% - 96.3%],58,27,200,02-16-2021
442,WA- YAKIMA,83.63,14,13,17,81.9,87.08,14 [13 - 17],83.63% [81.9% - 87.08%],21,11,41,02-16-2021
443,WV- CHARLESTON,81.77,33,29,39,80.58,83.51,33 [29 - 39],81.77% [80.58% - 83.51%],43,14,85,02-16-2021
444,WV- HUNTINGTON,80.79,7,7,10,80.36,82.61,7 [7 - 10],80.79% [80.36% - 82.61%],13,6,43,02-16-2021
445,WV- MORGANTOWN,80.57,7,7,9,80.34,81.3,7 [7 - 9],80.57% [80.34% - 81.3%],10,6,23,02-16-2021
446,WI- APPLETON,81.13,7,6,7,80.0,81.46,7 [6 - 7],81.13% [80.0% - 81.46%],7,0,9,02-16-2021
447,WI- GREEN BAY,80.5,4,3,6,80.0,80.87,4 [3 - 6],80.5% [80.0% - 80.87%],8,0,14,02-16-2021
448,WI- LA CROSSE,81.15,7,7,11,80.52,84.29,7 [7 - 11],81.15% [80.52% - 84.29%],11,5,41,02-16-2021
449,WI- MADISON,82.06,49,44,57,80.8,84.22,49 [44 - 57],82.06% [80.8% - 84.22%],62,24,127,02-16-2021
450,WI- MARSHFIELD,81.44,14,12,15,80.0,82.38,14 [12 - 15],81.44% [80.0% - 82.38%],17,0,28,02-16-2021
451,WI- MILWAUKEE,80.64,33,29,38,80.18,81.14,33 [29 - 38],80.64% [80.18% - 81.14%],53,15,94,02-16-2021
452,WI- NEENAH,81.61,7,6,9,80.0,84.12,7 [6 - 9],81.61% [80.0% - 84.12%],9,0,23,02-16-2021
456,WI- WAUSAU,80.18,0,0,0,80.0,80.18,0 [0 - 0],80.18% [80.0% - 80.18%],1,0,1,02-16-2021
457,WY- CASPER,82.43,14,12,18,80.86,85.56,14 [12 - 18],82.43% [80.86% - 85.56%],17,6,39,02-16-2021
303,NY- NEW YORK,81.4,123,112,134,80.65,82.1,123 [112 - 134],81.4% [80.65% - 82.1%],218,101,327,02-16-2021
